,City,Cloudiness,Date,Country,Humidity,Temperature,Latitude,Longtitude,Wind Speed
0,jamestown,90,1619472596,US,29,284.26,42.097,-79.2353,2.57
1,bluff,56,1619472742,NZ,85,279.26,-46.6,168.3333,1.79
2,kavieng,55,1619472742,PG,72,301.47,-2.5744,150.7967,0.48
3,port lincoln,20,1619472742,NO,80,271.15,70.3705,31.1107,7.2
4,vardo,42,1619472743,BR,69,291.53,-30.1811,-50.2056,4.49
5,cidreira,98,1619472743,NZ,85,279.26,-46.1927,168.8643,1.79
6,mataura,74,1619472743,PF,74,298.47,-23.1203,-134.9692,3.88
7,san cristobal,75,1619472744,PT,82,291.15,33.0833,-16.3333,5.14
8,rikitea,100,1619472614,IQ,16,308.15,33.3406,44.4009,4.12
9,camacha,1,1619472744,CA,72,260.15,69.4541,-133.0374,6.69
10,baghdad,100,1619472744,RU,94,277.06,61.5598,45.934,1.87
11,tuktoyaktuk,40,1619472457,CA,52,260.93,62.456,-114.3525,6.17
12,krasnoborsk,100,1619472745,RU,88,265.6,71.9667,102.5,6.44
13,yellowknife,92,1619472745,GL,70,277.24,77.484,-69.3632,3.25
14,khatanga,65,1619472745,BR,80,299.75,-2.8856,-40.12,5.6
15,qaanaaq,10,1619472746,UY,71,287.43,-33.6971,-53.4616,3.7
16,acarau,75,1619472596,TO,94,297.15,-21.2,-175.2,4.12
17,chuy,3,1619472746,JP,64,290.5,28.3667,129.4833,4.57
18,vaini,1,1619472746,US,20,288.15,41.3712,-73.414,7.2
19,ribeira grande,4,1619472747,CL,81,286.59,-37.6167,-73.65,4.81
20,naze,33,1619472747,TZ,87,292.76,-2.5167,32.9,1.38
21,bethel,73,1619472748,PF,76,299.66,-9.8,-139.0333,6.85
22,cape town,100,1619472737,HK,90,296.48,22.2855,114.1577,7.74
23,lebu,20,1619472748,AU,93,281.48,-42.8794,147.3294,1.54
24,mwanza,100,1619472748,RU,98,273.94,66.8333,70.8333,6
25,atuona,61,1619472749,SO,76,301.16,5.3505,48.5268,3.76
26,victoria,1,1619472521,US,28,285.37,42.6001,-73.9662,4.47
27,hobart,20,1619472749,CK,74,301.15,-21.2078,-159.775,2.06
28,yar-sale,40,1619472750,BB,57,301.15,13.2167,-59.5167,7.2
29,hobyo,75,1619472750,GL,75,277.15,65.6145,-37.6368,3.56
30,albany,90,1619472528,AR,87,280.15,-54.8,-68.3,1.54
31,belushya guba,46,1619472751,CD,86,295.69,-3.4833,23.4333,0.58
32,avarua,10,1619472751,MV,64,301.15,-0.6,73.0833,2.19
33,port hedland,90,1619472590,CA,86,271.15,63.7506,-68.5145,10.8
34,bathsheba,90,1619472752,CN,94,287.15,36.3897,120.4622,2
35,illoqqortoormiut,63,1619472752,MG,90,295.95,-14.9003,50.2788,2.51
36,taolanaro,90,1619472752,CA,65,278.15,47.6666,-52.7314,9.77
37,tasiilaq,90,1619472753,CA,69,275.15,49.7834,-74.8492,7.2
38,falealupo,100,1619472753,AU,92,287.04,-33.65,115.3333,1.54
39,ushuaia,85,1619472753,ID,88,297.1,-3.8004,102.2655,1.98
40,lodja,29,1619472754,RU,63,277.13,58.6667,66.5667,3.84
41,hithadhoo,0,1619472754,AU,67,290.15,-24.8667,113.6333,2.57
42,iqaluit,40,1619472755,US,57,299.15,19.7297,-155.09,3.09
43,port alfred,37,1619472755,MR,18,303.62,20.5022,-10.0711,4.46
44,jimo,16,1619472755,ZA,87,284.15,-34.5322,20.0403,2.16
45,antalaha,0,1619472756,RU,69,275.15,64.3833,-173.3,2
46,punta arenas,100,1619472756,CN,84,288.99,29.3848,104.0286,0.43
47,torbay,100,1619472756,RU,96,279.81,47.1483,42.4633,4.15
48,chapais,0,1619472757,IN,49,301.77,22.4167,71.1833,5.76
49,busselton,60,1619472757,ZA,87,288.71,-34.4187,19.2345,2.76
50,bengkulu,80,1619472758,RU,90,279.85,50.4578,40.1081,5.61
51,kuminskiy,35,1619472758,PT,93,289.26,40.1629,-8.3327,3.13
52,carnarvon,7,1619472759,MG,72,295.79,-25.1667,45.05,2.82
53,grand centre,95,1619472759,PG,74,301.11,-2.0226,147.2712,0.42
54,hilo,97,1619472760,RU,97,257.03,71.9167,114.0833,2.02
55,adrar,51,1619472760,BR,73,290.27,-24.7911,-50.0119,1.12
56,bredasdorp,29,1619472760,OM,36,303.36,22.5667,59.5289,4.65
57,provideniya,63,1619472761,ZW,34,292.66,-20.3267,30.0665,0.64
58,luocheng,23,1619472479,AR,33,293.85,-43.3002,-65.1023,2.42
59,zimovniki,79,1619472761,BR,83,298.52,-9.0122,-35.2225,3.26
60,arraial do cabo,5,1619472605,IN,46,294.15,25.6,85.1167,2.64
61,port elizabeth,11,1619472762,RU,87,263.95,61.2767,108.0108,2.91
62,chotila,88,1619472762,BR,67,295.66,-7.2125,-40.0461,1.73
63,saint pete beach,92,1619472763,RU,77,268.11,59.3833,143.3,1.27
64,hermanus,97,1619472763,RU,84,264.07,63.2842,118.3319,4.2
65,pavlovsk,49,1619472763,MZ,97,292.44,-14.8031,36.5372,0.88
66,sherlovaya gora,100,1619472764,RU,90,262.88,66.7697,123.3711,7.41
67,barentsburg,40,1619472764,CA,46,282.15,55.7435,-97.8558,5.14
68,lata,1,1619472764,US,76,283.15,57.0531,-135.33,3.09
69,maghama,99,1619472765,ZM,92,290.53,-11.7358,24.4293,1.17
70,beloha,100,1619472765,RU,93,264.34,71.6872,128.8694,4.73
71,lorengau,1,1619472614,US,79,265.15,71.2906,-156.7887,8.23
72,channel-port aux basques,100,1619472766,NO,81,277.15,62.5833,6.1333,4.63
73,saskylakh,90,1619472766,KI,75,301.66,3.0707,172.7902,5.78
74,castro,37,1619472766,GW,71,298.93,11.2833,-15.8333,8.45
75,sur,48,1619472767,NG,60,302.49,7.7411,8.5121,3.68
76,zvishavane,75,1619472767,MU,78,299.15,-20.4081,57.7,5.66
77,new norfolk,71,1619472767,ZA,86,289.82,-34.0033,24.7314,0.89
78,sao miguel do tapuio,81,1619472768,NA,87,289.21,-26.6481,15.1594,3.17
79,rawson,40,1619472768,UY,68,291.15,-34.3759,-55.2377,6.17
80,maragogi,47,1619472768,CN,70,288.13,27.8964,102.2634,0.96
81,umm lajj,31,1619472672,AU,67,288.15,-28.7667,114.6,5.66
82,patna,1,1619472469,US,38,300.37,34.0537,-85.255,2.57
83,yerbogachen,100,1619472769,RU,61,281.43,53.7377,78.0403,2.76
84,sentyabrskiy,100,1619472769,RU,93,274.15,60.7333,77.5889,2
85,araripe,91,1619472770,PF,67,300.42,-16.4833,-151.75,2.16
86,okhotsk,4,1619472770,LY,31,293.69,29.0331,21.5482,2.31
87,nyurba,80,1619472771,ID,92,296.58,-3.945,122.4989,0.88
88,cuamba,79,1619472771,NE,9,307.23,18.7369,7.3853,4.6
89,zhigansk,71,1619472771,ID,84,297.99,-6.8844,112.2051,2.84
90,phan rang,100,1619472633,US,65,287.59,40.8021,-124.1637,1.79
91,thompson,97,1619472671,CA,56,280.37,45.2001,-72.7491,4.12
92,alice springs,100,1619472772,RU,95,272.13,67.6333,134.6333,1.89
93,sitka,8,1619472773,NA,52,291.46,-18.0607,13.84,1.7
94,mwinilunga,99,1619472773,RU,90,267.3,69.7008,170.3133,2.03
95,mar del plata,0,1619472773,SA,82,288.15,18.2164,42.5053,1.54
96,tiksi,1,1619472774,US,33,299.26,34.3834,-86.3333,2.57
97,barrow,20,1619472773,US,69,299.15,22.0752,-159.319,5.14
98,roald,99,1619472774,ID,89,297.98,4.1363,96.1285,1.73
99,butaritari,60,1619472775,PG,72,301.46,-3.6667,152.4333,1.49
100,bubaque,47,1619472775,MX,19,312.18,18.6089,-90.7454,2.87
101,makurdi,40,1619472775,OM,74,301.15,17.0151,54.0924,3.09
102,mahebourg,52,1619472776,RU,85,265.98,68.75,161.3,3.58
103,kruisfontein,40,1619472776,US,41,288.15,47.1053,-104.7125,3.09
104,luderitz,57,1619472777,MZ,85,298.01,-16.2325,39.9086,1.5
105,minas,9,1619472777,NZ,96,287.04,-35.1,173.7833,2.24
106,bambous virieux,100,1619472777,RU,99,274.55,54.9076,99.0276,0.68
107,xichang,100,1619472778,RE,83,297.15,-21.3585,55.7679,5.66
108,geraldton,42,1619472778,RU,88,271.48,69.3833,178.4167,2.32
109,cedartown,0,1619472778,EG,33,296.15,26.7693,31.5021,5.14
110,karasuk,100,1619472779,ER,41,300.44,15.1139,37.5928,4.83
111,strezhevoy,20,1619472779,GQ,89,300.15,3.75,8.7833,3.6
112,faanui,75,1619472780,JP,66,285.15,35.1333,140.3,0.51
113,jalu,59,1619472780,ID,92,297.13,-0.8917,119.8707,1.53
114,louisbourg,28,1619472780,UA,92,271.86,50.751,33.4747,2.35
115,san patricio,100,1619472615,CA,50,284.15,49.6668,-103.8511,1.54
116,vaitupu,91,1619472539,GB,54,285.15,53.4106,-2.9779,2.57
117,kendari,98,1619472781,RU,93,274.15,60.9344,76.5531,2
118,arlit,1,1619472581,JP,62,276.87,42.3339,142.3669,3.35
119,henties bay,12,1619472782,AR,83,288.71,-38.5473,-58.7368,3.25
120,labuhan,100,1619472782,GL,99,273.85,65.4167,-52.9,3.96
121,grand river south east,1,1619472783,US,37,285.15,41.7057,-70.2286,7.2
122,norman wells,75,1619472783,SJ,63,267.15,78.2186,15.6401,5.66
123,eureka,1,1619472783,IN,6,301.51,26.4833,79.9,2.2
124,ponta do sol,75,1619472784,RU,70,279.15,59.7035,30.7861,3
125,la ronge,91,1619472784,PT,87,288.86,39.05,-27.9833,3.96
126,cowansville,1,1619472784,IN,81,299.82,21.1167,70.1167,5.16
127,batagay,21,1619472785,NZ,70,290.62,-35.1667,173.1667,4.53
128,tumannyy,100,1619472785,CO,94,298.24,1.1983,-70.1733,0.96
129,opuwo,75,1619472560,US,71,288.15,45.5234,-122.6762,2.06
130,pevek,25,1619472786,UA,81,275.62,47.358,36.6491,4.76
131,the valley,1,1619472786,UA,73,276.32,47.0148,34.915,2.36
132,abha,20,1619472786,JP,71,281.15,35.7333,140.8333,1.54
133,nosy varika,0,1619472787,RU,93,270.15,64.75,177.4833,1
134,lady frere,0,1619472787,CL,44,295.5,-28.5708,-70.7581,2.47
135,marshall,100,1619472788,GL,97,274.46,66.9395,-53.6735,2.99
136,kapaa,40,1619472788,US,53,282.15,42.6191,-113.6772,5.66
137,meulaboh,47,1619472788,PH,73,300.01,11.1373,123.7228,5.95
138,namatanai,75,1619472789,GL,43,283.15,69.2167,-51.1,8.75
139,escarcega,53,1619472789,CF,80,296.23,5.0267,21.2088,2.04
140,salalah,99,1619472790,RU,89,267.63,70.6333,147.9167,2.19
141,cherskiy,75,1619472790,PG,73,300.72,-6.6024,147.8681,1.1
142,puerto ayora,1,1619472791,US,51,289.15,34.6391,-120.4579,5.66
143,east london,95,1619472791,NZ,85,279.26,-46.1333,167.6833,1.79
144,chagda,30,1619472792,RU,66,275.37,57.2471,58.7298,4.98
145,glendive,5,1619472792,PE,79,293.15,-17.6394,-71.3375,3.15
146,los llanos de aridane,9,1619472792,IS,89,280.42,63.4427,-20.2734,4.21
147,angoche,65,1619472792,CA,15,288.15,52.3501,-110.2683,6.17
148,kaeo,40,1619472793,US,57,300.93,21.4447,-157.8378,3.6
149,nizhneudinsk,14,1619472793,CN,34,285.46,41.7597,86.1469,2.79
150,saint-philippe,97,1619472794,PH,86,295.24,17.4189,121.4443,0.73
151,leningradskiy,100,1619472794,RE,83,297.15,-21.3393,55.4781,5.66
152,tahta,90,1619472794,CA,87,275.15,66.1451,-65.7125,1.03
153,ciudad bolivar,20,1619472794,BR,74,301.15,-5.9156,-35.2628,5.14
154,barentu,66,1619472795,NZ,82,280.93,-46.2817,169.8464,2.24
155,malabo,9,1619472796,IN,36,273.5,34.1667,77.5833,1.36
156,swan hill,30,1619472796,SE,86,273.15,56.1616,15.5866,2.06
157,katsuura,87,1619472797,PF,68,300.11,-16.7833,-151.5,1.51
158,palu,75,1619472797,JP,87,279.15,35.55,133.2333,2.06
159,romny,90,1619472532,GB,93,280.15,57.1437,-2.0981,2.06
160,weyburn,100,1619472798,RU,88,268.28,68.0546,166.4372,1.39
161,liverpool,77,1619472798,ZA,94,289.15,-33.0117,17.9442,8.75
162,aleksandrov gay,44,1619472799,RU,65,273.24,50.2814,113.2867,9.16
163,nizhnevartovsk,100,1619472799,AT,100,282.04,47.0709,9.9475,2.4
164,shizunai,90,1619472799,US,76,280.15,57.79,-152.4072,5.66
165,necochea,40,1619472800,MN,80,270.15,47.9077,106.8832,3
166,maniitsoq,100,1619472800,CN,96,283.03,30.3,108.85,1.01
167,yarmouth,100,1619472800,CN,95,289.83,28.6833,115.8833,2.44
168,longyearbyen,100,1619472801,RU,72,272.08,68.0531,39.5131,7.26
169,rura,100,1619472801,RU,95,271.87,51.5,156.5167,6.11
170,nikolskoye,100,1619472801,CA,61,279.15,48.6499,-53.1147,4.63
171,lagoa,90,1619472802,CA,93,277.15,50.2334,-63.5986,14.4
172,mangrol,90,1619472802,RU,92,273.41,63.05,179.3167,2.14
173,ahipara,97,1619472802,RU,88,275.66,60.445,50.9968,3.3
174,sao filipe,98,1619472802,RU,99,257.05,66.4167,112.4,2.89
175,la asuncion,75,1619472803,MX,74,301.15,20.7,-105.2,8.23
176,mitu,100,1619472803,RU,91,263.54,63.8986,122.7617,3.82
177,portland,75,1619472803,GL,87,276.15,60.9167,-46.05,2.57
178,kuybysheve,20,1619472804,CL,72,290.15,-29.9533,-71.3436,3.6
179,vesele,0,1619472804,AU,34,296.89,-20.7833,117.1333,3.73
180,hasaki,1,1619472804,MZ,92,293.08,-25.0519,33.6442,3.65
181,anadyr,100,1619472805,PH,83,297.24,13.0364,123.3707,2.17
182,vallenar,88,1619472805,RU,71,280.34,54.4586,64.8542,3.86
183,sisimiut,9,1619472805,IN,42,300.16,19.8667,82.9333,0.8
184,rupert,2,1619472636,PK,15,297.78,30.1541,68.5728,2.24
185,sulangan,99,1619472806,CN,50,280.92,52.3333,124.7333,2.01
186,ilulissat,0,1619472806,BR,51,293.7,-21.4803,-56.1381,2.55
187,alindao,0,1619472807,CL,72,291.15,-23.65,-70.4,5.14
188,formoso do araguaia,67,1619472807,AU,79,285.81,-38.2667,141.9667,0.86
189,saint anthony,75,1619472808,RU,93,275.37,54.675,20.1347,5
190,toliary,40,1619472808,IN,78,301.15,13.2167,80.3167,2.06
191,chokurdakh,73,1619472808,BR,82,296.07,-14.4086,-56.4461,0.79
192,finschhafen,20,1619472608,US,21,290.37,39.9523,-75.1638,6.17
193,vila velha,1,1619472809,AR,68,289.43,-29.15,-59.65,1.99
194,lompoc,20,1619472809,LK,100,299.15,6.1241,81.1185,1.03
195,verkhnyaya inta,62,1619472810,NA,37,290.97,-24.8333,16.9833,3.7
196,tuatapere,42,1619472810,AU,73,296.15,-15.7667,128.7333,1.59
197,port hardy,40,1619472810,MX,55,306.15,15.7432,-96.4661,5.14
198,shalya,67,1619472811,NC,65,296.28,-22.6667,167.4833,9.17
199,ilo,81,1619472811,SO,75,301.48,2.0371,45.3438,3.42
200,vestmannaeyjar,96,1619472812,NZ,78,287.59,-40.9597,175.6575,1.79
201,provost,100,1619472812,CN,89,290.22,29.2195,119.477,0.87
202,ahuimanu,29,1619472812,PK,81,300.14,25.2088,64.6357,2.01
203,korla,40,1619472813,VU,83,299.15,-19.55,169.2667,2.57
204,tabuk,98,1619472813,PG,93,297.9,-4.0625,144.0661,0.46
205,saint-pierre,20,1619472813,ES,77,289.15,39.7662,2.7152,3.6
206,pangnirtung,100,1619472813,UG,93,291.83,3.6609,31.7247,0.17
207,parnamirim,58,1619472814,IN,74,300.69,8.8667,77.5,2.29
208,san luis,82,1619472814,RU,88,272.89,62.892,54.9635,1.58
209,kaitangata,75,1619472815,CA,82,285.93,48.9329,-125.5528,2.57
210,leh,53,1619472815,KZ,48,290.08,43.3,52.8,2
211,guerrero negro,1,1619472721,US,53,297.15,30.4091,-89.0436,6.17
212,karlskrona,88,1619472816,RU,92,265.64,59.4511,112.5578,2.96
213,cabo san lucas,75,1619472816,GL,43,283.15,68.8193,-51.1922,8.75
214,tevaitoa,43,1619472816,PE,70,279,-14.0833,-70.4333,2.07
215,sakaiminato,4,1619472817,MV,74,301.58,5.6667,73,2.73
216,aberdeen,48,1619472817,NZ,64,280.37,-45.8742,170.5036,7.15
217,te anau,90,1619472817,NO,86,273.15,71.0357,27.8492,4.12
218,tabialan,20,1619472811,KI,79,302.15,1.3292,172.9752,2.57
219,saint george,14,1619472818,CL,61,293.75,-22.092,-70.1979,2.32
220,bilibino,20,1619472818,PT,88,289.82,38.7992,-9.4469,3.09
221,saldanha,82,1619472819,GL,90,274.65,61.994,-49.6678,2.84
222,luis correia,94,1619472819,CD,86,294.99,-5.9475,29.1947,1.38
223,saryshagan,97,1619472819,ZM,79,293.15,-13.1367,28.4166,0.45
224,aksha,75,1619472820,TR,76,283.15,41.25,36.3333,1.54
225,uwayl,72,1619472820,TL,71,286.07,-8.9266,125.4092,0.87
226,schruns,40,1619472820,MN,31,273.12,48.0056,91.6419,0
227,kodiak,90,1619472821,US,47,285.93,46.7313,-117.1796,4.12
228,ulaanbaatar,100,1619472821,GL,98,274.21,60.1432,-45.2371,4
229,lichuan,0,1619472821,TM,16,295.53,41.1875,61.4036,4.94
230,nanchang,100,1619472822,RU,98,273.71,60.8953,131.9608,0.32
231,ostrovnoy,83,1619472822,BR,67,294.66,-13.4411,-40.4308,3.68
232,ozernovskiy,100,1619472823,RU,95,272.62,50.6789,156.125,9.88
233,bonavista,20,1619472823,US,24,286.48,42.1584,-72.3287,9.26
234,havre-saint-pierre,12,1619472823,PE,81,293.74,-11.0964,-77.6139,4.38
235,beringovskiy,0,1619472823,IN,15,300.62,24.0333,74.7833,2.06
236,koygorodok,0,1619472824,IS,80,275.15,66.0449,-17.3389,2.06
237,udachnyy,40,1619472824,AL,67,287.15,41.685,20.4289,2.06
238,attawapiskat,100,1619472825,CN,90,285.83,32.68,109.0172,0.61
239,ixtapa,59,1619472825,SL,82,299.28,7.6244,-11.8332,1.81
240,kysyl-syr,97,1619472825,DE,61,283.15,51.2333,6.6167,1.03
241,narsaq,98,1619472826,RU,60,279.04,52.0934,53.6528,3.49
242,coquimbo,87,1619472826,AO,51,293.04,-14.6585,17.691,1.61
243,roebourne,49,1619472826,RU,53,279.71,44.425,133.4772,2.82
244,xai-xai,100,1619472827,RU,97,276.19,66.0317,60.1659,4.63
245,maonon,1,1619472796,US,44,286.15,41.2835,-70.0995,5.14
246,zverinogolovskoye,1,1619472827,IN,79,299.69,16.0833,80.1667,2.31
247,junagarh,61,1619472827,MV,74,301.05,2.6708,72.8944,3.11
248,aflu,4,1619472828,NA,51,291.02,-21.4333,15.9333,2.77
249,duki,4,1619472828,NO,69,277.04,58.3794,8.6766,1.54
250,tahe,11,1619472828,NE,9,305.66,18.6853,12.9164,4.11
251,jardim,40,1619472829,GA,83,301.15,-0.7193,8.7815,3.6
252,port augusta,0,1619472829,IN,74,301.91,10.5669,72.642,3.35
253,saleaula,42,1619472829,SD,11,297.3,14.2,24.6667,4.07
254,tsihombe,75,1619472830,CN,88,285.75,36.7483,118.0558,2.7
255,mount isa,100,1619472830,ID,81,298.54,5.203,96.7009,1.64
256,antofagasta,40,1619472831,ID,100,297.15,3.3285,99.1625,1.03
257,praia da vitoria,0,1619472831,SA,82,288.15,18.3851,42.4509,1.54
258,codrington,21,1619472831,PE,94,298.25,-8.1842,-76.5125,0.64
259,svetlyy,43,1619472832,MA,79,287.85,29.5833,-9.5,1.74
260,bacuit,9,1619472832,RU,76,266.34,59.5833,151.2833,1.02
261,kattivakkam,0,1619472832,BR,83,299.15,-9.6658,-35.7353,3.09
262,diamantino,96,1619472832,TG,86,298.36,7.5833,0.6,0.13
263,filadelfia,55,1619472833,AO,74,289.67,-13.7833,14.6833,1.88
264,reconquista,36,1619472833,RU,93,263.01,52.5178,99.825,0.91
265,mount gambier,100,1619472834,UG,97,290.82,3.0201,30.9111,0.46
266,hambantota,100,1619472834,CN,97,290.28,28.8184,115.4327,1
267,maltahohe,40,1619472834,GB,87,280.93,56.0667,-3.7167,3.09
268,kununurra,99,1619472617,CA,41,290.37,49.7665,-119.7357,1.34
269,pochutla,79,1619472835,BY,87,272.54,52.6333,29.7333,2.88
270,mentok,49,1619472835,RU,87,274.18,60.05,69.9,2.63
271,vao,100,1619472836,CN,88,298.43,18.8003,110.3967,2.08
272,mogadishu,100,1619472836,RU,99,276.01,65.441,52.1498,0.7
273,nizhneyansk,0,1619472836,AU,72,282.59,-33.8333,148.6833,1.05
274,masterton,61,1619472836,PH,87,297.06,10.9995,122.6711,2.79
275,lanxi,89,1619472837,IN,37,298.31,25.5198,90.2201,2.34
276,ormara,14,1619472837,RU,95,267.85,58.6881,99.1844,0.95
277,isangel,1,1619472837,US,36,282.04,43.2128,-75.4557,7.72
278,angoram,1,1619472829,US,31,296.48,39.1834,-84.5333,2.57
279,soller,100,1619472838,RU,99,273.29,53.4523,36.9145,4.33
280,moyo,75,1619472838,IR,17,293.15,32.8663,59.2211,2.06
281,alangulam,40,1619472839,RU,97,271.51,60.3778,92.6267,1.21
282,rio gallegos,100,1619472839,GF,89,298.3,5.3833,-52.95,4.6
283,voyvozh,15,1619472839,RU,38,279.24,46.4856,135.8833,1.51
284,ucluelet,4,1619472840,AU,41,289.15,-23.5333,148.1667,4.12
285,san policarpo,0,1619472840,BR,100,298.15,-6.9811,-34.8339,3.09
286,quatre cocos,40,1619472749,US,34,293.15,38.421,-121.4238,3.09
287,gulshat,0,1619472841,IR,42,291.15,37.4747,57.329,3.43
288,zhanaozen,100,1619472841,RU,94,273.11,65.85,74.4859,6.59
289,harrison,100,1619472841,KZ,81,283.97,50.565,72.5692,3.24
290,vitim,20,1619472842,MY,94,299.15,5.4112,100.3354,3.09
291,qasigiannguit,93,1619472842,RU,82,261.05,69.4865,88.3972,4.05
292,macusani,93,1619472843,RU,82,272.59,66.9672,30.3491,1.34
293,ugoofaaru,40,1619472843,PF,66,303.15,-17.5065,-149.489,5.14
294,dunedin,40,1619472843,BR,78,300.15,-19.9341,-40.4047,1.54
295,mehamn,75,1619472844,NO,86,272.15,70.6634,23.6821,3.6
296,bairiki,53,1619472844,LY,19,300.69,30.3333,10.85,4.84
297,tocopilla,53,1619472844,ID,98,296.35,-2.6833,111.6167,0.94
298,krasnyy chikoy,98,1619472845,UG,97,289.61,2.4167,30.9855,0.67
299,colares,29,1619472845,BW,29,291.37,-20.5929,27.3121,3.31
300,paamiut,100,1619472845,RU,97,274.66,58.9564,126.2925,1.52
301,kalemie,0,1619472846,BR,48,291.15,-27.6342,-52.2739,2.06
302,warqla,27,1619472846,LK,84,298.92,7.4167,81.8167,3.7
303,clyde river,87,1619472847,RU,96,266.3,68.005,35.0117,1.94
304,luanshya,79,1619472847,PG,84,298.84,-7.9631,145.7785,1.22
305,samsun,40,1619472848,MX,20,302.15,19.2167,-98.8083,3.09
306,airai,79,1619472848,RU,91,271.76,65.7,82.4667,6.44
307,hovd,0,1619472849,UZ,51,289.15,40.4272,71.7189,1.71
308,pullman,41,1619472849,CI,85,300.17,4.423,-7.3528,3.57
309,nanortalik,5,1619472849,PE,68,296.91,-15.4311,-74.6158,3.02
310,gazojak,100,1619472850,RU,91,275.82,51.1537,37.8879,7.21
311,amga,57,1619472850,GL,82,275.55,72.7868,-56.1549,1.65
312,hihifo,98,1619472850,RU,81,280.08,55.0692,67.9019,5.54
313,garhi khairo,90,1619472851,GB,77,279.82,54.2797,-0.4044,2.24
314,kawana waters,40,1619472851,JP,73,293.15,26.1247,127.6694,1.54
315,maracas,0,1619472851,SN,25,306.15,16.3333,-15,2.06
316,severo-kurilsk,95,1619472852,BR,70,296.23,-14.0931,-46.3694,0.53
317,palmer,75,1619472852,RU,70,279.15,59.7775,30.8181,3
318,hualmay,94,1619472852,PG,78,300.67,-10.6167,150.6667,1.46
319,pratapgarh,95,1619472853,ID,75,299.58,-0.8667,134.0833,1.6
320,santa rosa,40,1619472853,BB,57,301.15,13.0667,-59.5333,7.2
321,husavik,80,1619472853,NG,71,298.06,7.85,9.7833,2.62
322,peshkopi,33,1619472854,CN,35,274.59,47.8667,88.1167,3.45
323,ankang,75,1619472854,RU,53,268.95,50,88.6667,0.29
324,mattru,0,1619472854,MZ,86,293.57,-24.5333,32.9833,3.05
325,kaarst,76,1619472855,RU,93,272.69,65.9667,78.3667,5.79
326,novosergiyevka,1,1619472855,US,17,294.15,39.5501,-77.0164,4.63
327,menongue,100,1619472855,MX,30,305.98,19.9333,-105.25,4.98
328,yakovlevka,13,1619472856,MG,94,295.21,-13.2,49.05,1.43
329,inta,90,1619472856,US,58,285.37,45.7833,-108.5007,3.09
330,nantucket,75,1619472856,GE,93,284.15,41.9563,42.9566,3.6
331,chilakalurupet,8,1619472856,RU,80,272.15,46.6733,141.8633,1
332,kudahuvadhoo,0,1619472857,RU,49,279.15,55.6361,38.0803,2
333,omaruru,61,1619472857,CN,94,284.92,35.405,116.5814,1.18
334,fevik,42,1619472857,SS,70,298.78,9.2333,29.8333,2.77
335,bilma,0,1619472858,UY,78,285.86,-34.4833,-54.3333,2.92
336,port-gentil,75,1619472858,RU,100,274.15,52.2978,104.2964,7
337,kavaratti,75,1619472859,DJ,78,299.15,11.5,42.5,2.37
338,kutum,40,1619472859,BR,69,299.15,-15.8631,-38.8828,3.6
339,nanding,20,1619472860,ID,94,297.15,-0.9492,100.3543,1.54
340,makakilo city,20,1619472829,MV,79,302.15,4.1748,73.5089,3.09
341,bireun,75,1619472860,PH,78,297.15,18.5616,120.7868,1.54
342,amderma,100,1619472860,AU,39,292.15,-33.8667,121.9,7.72
343,port blair,0,1619472606,QA,54,302.04,25.2867,51.5333,1.54
344,tebingtinggi,98,1619472861,TR,72,281.69,39.6381,34.4672,3
345,faya,90,1619472861,EE,100,276.15,59.5764,25.7214,3.09
346,armacao dos buzios,54,1619472862,MV,74,301.28,3.7833,72.9667,3.12
347,tocache,94,1619472725,US,62,288.15,47.674,-122.1215,1.56
348,tiznit,20,1619472862,DO,55,304.15,18.2833,-70.3333,5.14
349,ola,93,1619472862,NO,83,274.82,67.0953,15.3878,1.24
350,maceio,75,1619472826,ID,94,299.15,3.3,117.6333,2.06
351,badou,11,1619472863,RU,51,279.81,46.5389,138.3297,1.08
352,nizhniy tsasuchey,99,1619472863,BR,81,299.54,-0.6136,-47.3561,4.3
353,ewa beach,0,1619472863,RU,60,274.15,56.801,59.9303,3
354,caluquembe,100,1619472864,RU,92,269.71,69.3,139.9,0.78
355,orlik,100,1619472864,CN,96,287.32,24.1877,102.817,1.36
356,arua,75,1619472865,NO,93,273.15,70.9457,27.3465,5.66
357,ganzhou,0,1619472865,ML,20,308.15,14.6667,-4,3.09
358,kincardine,98,1619472865,CN,22,276.96,40.2833,97.2,2.91
359,peachland,100,1619472865,TZ,90,297.63,-5.4333,38.9667,3.57
360,svetlogorsk,90,1619472568,ES,88,287.15,41.6561,-0.8773,1.03
361,vila franca do campo,54,1619472866,CD,91,295.29,-4.55,18.6,0.5
362,villa carlos paz,75,1619472867,JP,83,293.15,26.1842,127.7558,3.6
363,gornopravdinsk,100,1619472867,CN,91,287.85,30.7144,111.2847,1.13
364,wanning,40,1619472867,IT,94,289.15,39.9304,18.3553,5.66
365,ust-tsilma,84,1619472868,CD,96,294.88,-5.35,21.4167,0.75
366,cowra,100,1619472868,RU,98,273.11,59.2353,163.0719,1.24
367,dingle,75,1619472805,MU,78,299.15,-20.5167,57.5167,5.66
368,mys shmidta,1,1619472868,US,29,283.15,42.2506,-75.833,4.63
369,tura,26,1619472869,MX,11,305.1,29.05,-109.2333,11.17
370,kodinsk,72,1619472869,LY,19,297.7,31.4451,12.9801,3.06
371,roma,0,1619472869,FR,62,284.15,44.5,2.5833,2.06
372,hamilton,100,1619472870,TZ,89,289.79,-4.2167,35.75,1.36
373,umm durman,100,1619472870,ML,12,307.27,20,-3,4.41
374,port moresby,8,1619472755,MR,78,294.15,18.0858,-15.9785,7.72
375,chern,50,1619472871,BR,78,298.05,-17.7125,-39.2481,3.29
376,birjand,0,1619472871,EG,82,288.3,30.6043,32.2723,3.61
377,teya,8,1619472871,RU,58,278.93,57.3981,63.7684,6.22
378,tuy hoa,12,1619472872,RU,94,263.76,60.34,102.2797,1.09
379,sinnamary,0,1619472872,MR,88,292.15,20.931,-17.0347,6.17
380,vostok,1,1619472872,US,57,300.37,29.5958,-90.7195,3.6
381,emerald,100,1619472873,KZ,43,287.06,47.8043,67.7144,3.58
382,cabedelo,90,1619472873,GB,81,280.15,60.3964,-1.353,6.17
383,laguna,68,1619472873,RU,87,273.1,62.7084,56.1964,1.56
384,bojnurd,100,1619472874,IT,8,285.37,45.5359,9.9304,0.45
385,pangody,100,1619472874,RU,86,274.35,56.9767,29.8907,1.9
386,osakarovka,9,1619472875,RU,79,265.81,65.8167,87.9833,3.95
387,georgetown,4,1619472875,PE,57,277.52,-14.8,-73.9167,4.05
388,talnakh,4,1619472875,CN,17,281.48,42.8,93.45,3.68
389,alakurtti,61,1619472875,IR,49,287.74,36.7631,45.7222,2.07
390,los zacatones,100,1619472876,PH,79,299.79,5.9197,121.3631,0.59
391,mahina,75,1619472876,NZ,87,284.26,-41.4122,175.5153,8.75
392,fundao,90,1619472877,GF,94,298.71,4.9333,-52.3333,2.57
393,hammerfest,20,1619472877,BR,78,300.15,-5.1989,-35.4608,4.12
394,nalut,75,1619472878,JP,82,286.15,33.95,130.95,1.03
395,pangkalanbuun,75,1619472878,VU,83,301.15,-13.8833,167.55,4.13
396,paidha,100,1619472871,RU,98,273.03,73.5069,80.5464,7.91
397,kalakamati,75,1619472878,US,65,300.37,29.8458,-90.1067,5.14
398,tommot,43,1619472879,ID,93,298.71,-3.3333,128.9167,1.32
399,port hawkesbury,1,1619472657,US,20,289.15,41.1415,-73.3579,5.66
400,erechim,75,1619472879,IR,33,296.15,32.31,54.0175,3.09
401,kalmunai,21,1619472879,IN,27,296.55,27.9167,96.1667,2.12
402,lovozero,0,1619472880,CL,69,288.67,-35.3333,-72.4167,5.42
403,kerema,100,1619472880,RU,83,275.67,56.07,89.0369,3.43
404,miraflores,89,1619472881,ID,95,296.55,-8.05,111.7167,0.67
405,krasnoselkup,75,1619472724,US,62,287.59,40.5982,-124.1573,4.63
406,morgan city,16,1619472881,IS,73,276.99,64.2539,-15.2082,1.86
407,komsomolskiy,58,1619472881,KG,40,280.94,42.3414,78.0056,3.85
408,santa maria,75,1619472882,NO,86,273.15,70.9963,24.6622,3.6
409,cumaribo,77,1619472882,BF,39,303.14,11.1,-2.1,3.51
410,tabou,100,1619472882,IN,34,303.29,19.1,78.35,5.04
411,acari,33,1619472882,JP,73,276.48,36.65,138.3167,1.72
412,novikovo,1,1619472883,DE,69,274.26,53.7972,12.1734,1.03
413,upernavik,52,1619472615,PK,24,300.51,32.9854,70.6027,1.59
414,petukhovo,50,1619472883,ID,89,298.16,-3.5403,118.9707,3.9
415,bell ville,0,1619472859,KR,82,284.15,37.5683,126.9778,2.57
416,scarborough,40,1619472884,CL,77,288.71,-41.8697,-73.8203,4.12
417,itoman,100,1619472884,TH,99,300.37,18.0833,100,0.9
418,saint-louis,0,1619472884,EG,21,299.22,24.0934,32.907,7.86
419,posse,69,1619472885,CD,76,296.4,2.1833,22.4667,0.72
420,otradnoye,1,1619472885,AO,73,297.22,-15.1961,12.1522,3.76
421,samarai,90,1619472885,GB,87,281.48,58.2093,-6.3865,3.09
422,manokwari,81,1619472886,GB,87,279.82,51.0333,-4.2167,1.34
423,oistins,73,1619472886,RU,59,276.8,57.6935,71.1665,2.78
424,wukari,97,1619472887,BR,89,297.57,-1.8283,-44.8683,1.58
425,altay,3,1619472887,NA,38,289.4,-19.5667,18.1167,1.04
426,kosh-agach,0,1619472887,CL,72,290.15,-36.7167,-73.1167,4.12
427,chokwe,97,1619472888,ID,86,298.48,1.7427,98.7792,1.28
428,urengoy,75,1619472888,US,51,288.71,47.6262,-122.5212,1.54
429,carroll,1,1619472888,US,44,287.15,55.3422,-131.6461,5.14
430,tomatlan,20,1619472889,ID,94,296.15,1.4451,125.1824,3.6
431,ambilobe,40,1619472796,LK,89,300.15,7.4863,80.3623,2.06
432,billings,0,1619472889,RU,86,274.15,61.8106,51.5806,2
433,khani,75,1619472890,PH,78,298.15,14.9167,120.55,1.03
434,nevelsk,75,1619472890,JP,82,286.15,34.3833,131.2,1.03
435,bykovo,15,1619472820,RU,46,280.7,43.7444,135.2892,1.28
436,spirit river,98,1619472890,SO,63,299.49,4.1213,43.8894,1.22
437,jining,75,1619472891,NO,81,276.48,63.2855,10.2781,2.06
438,bentiu,90,1619472891,IT,100,285.37,46.6166,10.7002,2.57
439,rocha,10,1619472891,BD,88,298.43,20.8624,92.3058,0.64
440,irkutsk,20,1619472892,GR,76,286.48,35.01,25.7353,2.06
441,mrirt,100,1619472892,BR,98,296.7,-6.2222,-57.7528,0.69
442,green river,100,1619472892,RU,94,259.73,66,111.5,5.87
443,batemans bay,0,1619472893,IN,77,300.04,22.2394,68.9678,4.04
444,jibuti,0,1619472893,BR,37,302.15,-20.8731,-48.2969,2.06
445,belmonte,100,1619472893,BR,86,298.45,-1.195,-46.02,2.93
446,kachikau,100,1619472894,RU,99,273.46,62.6667,135.6,2.25
447,padang,38,1619472894,MR,17,301.82,20.5169,-13.0499,2.66
448,half moon bay,90,1619472894,RE,83,297.15,-21.0096,55.2707,7.2
449,male,85,1619472895,SO,73,301.42,9.4942,50.8122,2.43
450,pagudpud,94,1619472895,PH,81,298.51,14.975,122.0456,6.56
451,esperance,0,1619472895,DE,74,275.93,53.9,11.4667,0.45
452,doha,0,1619472896,EG,33,297.15,27.2574,33.8129,6.17
453,yerkoy,90,1619472896,MX,41,299.15,25.9167,-109.1833,5.14
454,loksa,20,1619472896,GD,69,301.15,12.1646,-61.7296,9.77
455,mahibadhoo,0,1619472897,MX,13,301.96,29.9833,-109.7833,12.72
456,tepexi,2,1619472897,BW,29,292.72,-24,21.75,4.39
457,redmond,20,1619472815,NC,78,297.59,-22.2763,166.4572,4.12
